[{"pos_x": 19.157, "pos_y": 21.1523, "rotation": 180.0, "side": "top", "designator": "U1", "mpn": null, "pack": "MOUDLE14P-SMD-2.54-21X17.8MM", "value": "XIAO-ESP32C3", "mount_type": "tht", "place": true}, {"pos_x": 9.9708, "pos_y": 23.114, "rotation": 90.0, "side": "top", "designator": "J1", "mpn": null, "pack": "smd_solder_pads_1x02_2.54mm", "value": "Lipo back", "mount_type": "smt", "place": true}, {"pos_x": 17.399, "pos_y": 22.733, "rotation": 0.0, "side": "top", "designator": "C1", "mpn": null, "pack": "C_0805_2012Metric_Pad1.18x1.45mm_HandSolder", "value": "C", "mount_type": "smt", "place": true}, {"pos_x": 0.094, "pos_y": 23.114, "rotation": 90.0, "side": "top", "designator": "J7", "mpn": null, "pack": "smd_solder_pads_1x03_n00ds_v1", "value": "Noods back", "mount_type": "smt", "place": true}, {"pos_x": 13.6652, "pos_y": 12.3444, "rotation": 90.0, "side": "bottom", "designator": "Q1", "mpn": null, "pack": "SOT-23", "value": "BC817", "mount_type": "smt", "place": true}, {"pos_x": 7.5245, "pos_y": 17.399, "rotation": -90.0, "side": "bottom", "designator": "J2", "mpn": null, "pack": "smd_solder_pads_1x04", "value": "motor driver", "mount_type": "smt", "place": true}, {"pos_x": 4.826, "pos_y": 23.114, "rotation": -90.0, "side": "bottom", "designator": "J4", "mpn": null, "pack": "smd_solder_pads_1x02_2.54mm", "value": "Noods front", "mount_type": "smt", "place": true}, {"pos_x": 9.4996, "pos_y": 9.0424, "rotation": -90.0, "side": "bottom", "designator": "R1", "mpn": null, "pack": "R_0805_2012Metric_Pad1.20x1.40mm_HandSolder", "value": "330", "mount_type": "smt", "place": true}, {"pos_x": 9.43, "pos_y": 17.399, "rotation": 90.0, "side": "bottom", "designator": "J3", "mpn": null, "pack": "smd_solder_pads_1x02_2.54mm", "value": "ELRS RX", "mount_type": "smt", "place": true}, {"pos_x": 10.001, "pos_y": 23.114, "rotation": -90.0, "side": "bottom", "designator": "J6", "mpn": null, "pack": "smd_solder_pads_1x02_2.54mm", "value": "Lipo front", "mount_type": "smt", "place": true}, {"pos_x": 10.287, "pos_y": 3.302, "rotation": 90.0, "side": "bottom", "designator": "SW1", "mpn": null, "pack": "Nidec_2x03_dpdt_CL-SB-22B-11", "value": "SW_Push_DPDT", "mount_type": "smt", "place": true}, {"pos_x": 4.572, "pos_y": 10.033, "rotation": 180.0, "side": "bottom", "designator": "G***", "mpn": null, "pack": "haribo_outline_bw_8mm", "value": "LOGO", "mount_type": "tht", "place": false}, {"pos_x": 0.73, "pos_y": 23.114, "rotation": -90.0, "side": "bottom", "designator": "J5", "mpn": null, "pack": "smd_solder_pads_1x01_2.54mm", "value": "RGB_DATA", "mount_type": "smt", "place": true}, {"pos_x": 13.462, "pos_y": 9.2456, "rotation": 0.0, "side": "bottom", "designator": "R2", "mpn": null, "pack": "R_0805_2012Metric_Pad1.20x1.40mm_HandSolder", "value": "1k", "mount_type": "smt", "place": true}]